[
    {
        "dccType": "PW01",
        "desc": "26470 - 26470",
        "document": "042 - Drinking Water Treatment Units - Aesthetic Effects",
        "formatType": "2206394-TRADE_NAME",
        "createdBy": "DROPEED",
        "createdDate": "DROPEED",
        "finalBY": "PW01",
        "finalDate": "26470 - 26470",
        "final": "042 - Drinking Water Treatment Units - Aesthetic Effects",
        "archieved": "2206394-TRADE_NAME"
    },
    {
        "dccType": "PW01",
        "desc": "26470 - 26470",
        "document": "042 - Drinking Water Treatment Units - Aesthetic Effects",
        "formatType": "2206394-TRADE_NAME",
        "createdBy": "DROPEED",
        "createdDate": "DROPEED",
        "finalBY": "PW01",
        "finalDate": "26470 - 26470",
        "final": "042 - Drinking Water Treatment Units - Aesthetic Effects",
        "archieved": "2206394-TRADE_NAME"
    },
    {
        "dccType": "PW01",
        "desc": "26470 - 26470",
        "document": "042 - Drinking Water Treatment Units - Aesthetic Effects",
        "formatType": "2206394-TRADE_NAME",
        "createdBy": "DROPEED",
        "createdDate": "DROPEED",
        "finalBY": "PW01",
        "finalDate": "26470 - 26470",
        "final": "042 - Drinking Water Treatment Units - Aesthetic Effects",
        "archieved": "2206394-TRADE_NAME"
    },
    {
        "dccType": "PW01",
        "desc": "26470 - 26470",
        "document": "042 - Drinking Water Treatment Units - Aesthetic Effects",
        "formatType": "2206394-TRADE_NAME",
        "createdBy": "DROPEED",
        "createdDate": "DROPEED",
        "finalBY": "PW01",
        "finalDate": "26470 - 26470",
        "final": "042 - Drinking Water Treatment Units - Aesthetic Effects",
        "archieved": "2206394-TRADE_NAME"
    }
]