{
    "status": "SUCCESS",
    "type": "Dynamic Fields Details",
    "count": 1,
    "results": [
        {
            "isHierarchy": false,
            "code": "CVV_TRADE_NAMES",
            "section_code": "CVV_TRADE_NAMES",
            "section_name": "Trade Names",
            "dynamic_list": [
                {
                    "field_name": "primary_trade_flag",
                    "field_type": "VARCHAR",
                    "max_field_length": 1,
                    "max_precision": 0,
                    "lov_flg": "N",
                    "field_heading": "primary trade flag",
                    "field_value": null,
                    "field_show": "N",
                    "mandatory_flg": "Y",
                    "code": null,
                    "section_name": "Trade Names",
                    "section_code": "CVV_TRADE_NAMES",
                    "field_data_type": "TEXT",
                    "dropdown_query": null,
                    "dropdown_code": null,
                    "dropdown_desc": null,
                    "dropdown_list": null,
                    "table_flg": "Y",
                    "field_order": 1,
                    "matrix_type": null,
                    "info": null,
                    "getFieldValueList": null,
                    "field_return_type": null
                },
                {
                    "field_name": "itn_seq",
                    "field_type": "VARCHAR",
                    "max_field_length": 8E+1,
                    "max_precision": 0,
                    "lov_flg": "N",
                    "field_heading": "sequence",
                    "field_value": null,
                    "field_show": "N",
                    "mandatory_flg": "Y",
                    "code": null,
                    "section_name": "Trade Names",
                    "section_code": "CVV_TRADE_NAMES",
                    "field_data_type": "TEXT",
                    "dropdown_query": null,
                    "dropdown_code": null,
                    "dropdown_desc": null,
                    "dropdown_list": null,
                    "table_flg": "Y",
                    "field_order": 2,
                    "matrix_type": null,
                    "info": null,
                    "getFieldValueList": null,
                    "field_return_type": null
                },
                {
                    "field_name": "itm_fn_seq",
                    "field_type": "VARCHAR",
                    "max_field_length": 8E+1,
                    "max_precision": 0,
                    "lov_flg": "N",
                    "field_heading": "itm_fn_seq",
                    "field_value": null,
                    "field_show": "N",
                    "mandatory_flg": "N",
                    "code": null,
                    "section_name": "Trade Names",
                    "section_code": "CVV_TRADE_NAMES",
                    "field_data_type": "TEXT",
                    "dropdown_query": null,
                    "dropdown_code": null,
                    "dropdown_desc": null,
                    "dropdown_list": null,
                    "table_flg": "Y",
                    "field_order": 3,
                    "matrix_type": null,
                    "info": null,
                    "getFieldValueList": null,
                    "field_return_type": null
                },
                {
                    "field_name": "options",
                    "field_type": "VARCHAR",
                    "max_field_length": 8E+1,
                    "max_precision": 0,
                    "lov_flg": "N",
                    "field_heading": "Options",
                    "field_value": null,
                    "field_show": "N",
                    "mandatory_flg": "N",
                    "code": null,
                    "section_name": "Trade Names",
                    "section_code": "CVV_TRADE_NAMES",
                    "field_data_type": "TEXT",
                    "dropdown_query": null,
                    "dropdown_code": null,
                    "dropdown_desc": null,
                    "dropdown_list": null,
                    "table_flg": "Y",
                    "field_order": 4,
                    "matrix_type": null,
                    "info": null,
                    "getFieldValueList": null,
                    "field_return_type": null
                },
                {
                    "field_name": "dsp_seq_nbr",
                    "field_type": "NUMBER",
                    "max_field_length": 4,
                    "max_precision": 0,
                    "lov_flg": "N",
                    "field_heading": "DSP Seq",
                    "field_value": null,
                    "field_show": "Y",
                    "mandatory_flg": "Y",
                    "code": null,
                    "section_name": "Trade Names",
                    "section_code": "CVV_TRADE_NAMES",
                    "field_data_type": "TEXT",
                    "dropdown_query": null,
                    "dropdown_code": null,
                    "dropdown_desc": null,
                    "dropdown_list": null,
                    "table_flg": "Y",
                    "field_order": 5,
                    "matrix_type": null,
                    "info": null,
                    "getFieldValueList": null,
                    "field_return_type": null
                },
                {
                    "field_name": "view_dsp_seq_nbr",
                    "field_type": "VARCHAR",
                    "max_field_length": 8E+1,
                    "max_precision": 0,
                    "lov_flg": "N",
                    "field_heading": "DSP seq &nbsp",
                    "field_value": null,
                    "field_show": "N",
                    "mandatory_flg": "N",
                    "code": null,
                    "section_name": "Trade Names",
                    "section_code": "CVV_TRADE_NAMES",
                    "field_data_type": "TEXT",
                    "dropdown_query": null,
                    "dropdown_code": null,
                    "dropdown_desc": null,
                    "dropdown_list": null,
                    "table_flg": "Y",
                    "field_order": 6,
                    "matrix_type": null,
                    "info": null,
                    "getFieldValueList": null,
                    "field_return_type": null
                },
                {
                    "field_name": "brand_name",
                    "field_type": "VHARCHAR",
                    "max_field_length": 8E+1,
                    "max_precision": 0,
                    "lov_flg": "N",
                    "field_heading": "Brand Name",
                    "field_value": null,
                    "field_show": "Y",
                    "mandatory_flg": "Y",
                    "code": null,
                    "section_name": "Trade Names",
                    "section_code": "CVV_TRADE_NAMES",
                    "field_data_type": "TEXT",
                    "dropdown_query": null,
                    "dropdown_code": null,
                    "dropdown_desc": null,
                    "dropdown_list": null,
                    "table_flg": "Y",
                    "field_order": 7,
                    "matrix_type": null,
                    "info": null,
                    "getFieldValueList": null,
                    "field_return_type": null
                },
                {
                    "field_name": "view_trade_name",
                    "field_type": "VARCHAR",
                    "max_field_length": 8E+1,
                    "max_precision": 0,
                    "lov_flg": "N",
                    "field_heading": "Trade Name &nbsp",
                    "field_value": null,
                    "field_show": "N",
                    "mandatory_flg": "N",
                    "code": null,
                    "section_name": "Trade Names",
                    "section_code": "CVV_TRADE_NAMES",
                    "field_data_type": "TEXT",
                    "dropdown_query": null,
                    "dropdown_code": null,
                    "dropdown_desc": null,
                    "dropdown_list": null,
                    "table_flg": "Y",
                    "field_order": 8,
                    "matrix_type": null,
                    "info": null,
                    "getFieldValueList": null,
                    "field_return_type": null
                },
                {
                    "field_name": "trade_name",
                    "field_type": "VHARCHAR",
                    "max_field_length": 1.2E+2,
                    "max_precision": 0,
                    "lov_flg": "N",
                    "field_heading": "Product Name",
                    "field_value": null,
                    "field_show": "Y",
                    "mandatory_flg": "N",
                    "code": null,
                    "section_name": "Trade Names",
                    "section_code": "CVV_TRADE_NAMES",
                    "field_data_type": "TEXT",
                    "dropdown_query": null,
                    "dropdown_code": null,
                    "dropdown_desc": null,
                    "dropdown_list": null,
                    "table_flg": "Y",
                    "field_order": 9,
                    "matrix_type": null,
                    "info": null,
                    "getFieldValueList": null,
                    "field_return_type": null
                },
                {
                    "field_name": "pkg_seq_nbr",
                    "field_type": "VARCHAR",
                    "max_field_length": 8E+1,
                    "max_precision": 0,
                    "lov_flg": "N",
                    "field_heading": "Pkg seq#",
                    "field_value": null,
                    "field_show": "N",
                    "mandatory_flg": "N",
                    "code": null,
                    "section_name": "Trade Names",
                    "section_code": "CVV_TRADE_NAMES",
                    "field_data_type": "TEXT",
                    "dropdown_query": null,
                    "dropdown_code": null,
                    "dropdown_desc": null,
                    "dropdown_list": null,
                    "table_flg": "Y",
                    "field_order": 1E+1,
                    "matrix_type": null,
                    "info": null,
                    "getFieldValueList": null,
                    "field_return_type": null
                },
                {
                    "field_name": "suppress_from_wl",
                    "field_type": "VARCHAR",
                    "max_field_length": 3,
                    "max_precision": 0,
                    "lov_flg": "N",
                    "field_heading": "Hide Product from Weblistings?",
                    "field_value": null,
                    "field_show": "Y",
                    "mandatory_flg": "N",
                    "code": null,
                    "section_name": "Trade Names",
                    "section_code": "CVV_TRADE_NAMES",
                    "field_data_type": "CHECKBOX",
                    "dropdown_query": null,
                    "dropdown_code": null,
                    "dropdown_desc": null,
                    "dropdown_list": null,
                    "table_flg": "Y",
                    "field_order": 11,
                    "matrix_type": null,
                    "info": null,
                    "getFieldValueList": null,
                    "field_return_type": null
                },
                {
                    "field_name": "suppress_brand_from_wl",
                    "field_type": "CHECKBOX",
                    "max_field_length": 1,
                    "max_precision": 0,
                    "lov_flg": "N",
                    "field_heading": "Hide Brand from Weblistings?",
                    "field_value": null,
                    "field_show": "N",
                    "mandatory_flg": "N",
                    "code": null,
                    "section_name": "Trade Names",
                    "section_code": "CVV_TRADE_NAMES",
                    "field_data_type": "TEXT",
                    "dropdown_query": null,
                    "dropdown_code": null,
                    "dropdown_desc": null,
                    "dropdown_list": null,
                    "table_flg": "Y",
                    "field_order": 12,
                    "matrix_type": null,
                    "info": null,
                    "getFieldValueList": null,
                    "field_return_type": null
                },
                {
                    "field_name": "label_on_file",
                    "field_type": "DROPDOWN",
                    "max_field_length": 1,
                    "max_precision": 0,
                    "lov_flg": "N",
                    "field_heading": "Label on File?",
                    "field_value": null,
                    "field_show": "Y",
                    "mandatory_flg": "N",
                    "code": null,
                    "section_name": "Trade Names",
                    "section_code": "CVV_TRADE_NAMES",
                    "field_data_type": "TEXT",
                    "dropdown_query": null,
                    "dropdown_code": null,
                    "dropdown_desc": null,
                    "dropdown_list": null,
                    "table_flg": "Y",
                    "field_order": 13,
                    "matrix_type": null,
                    "info": null,
                    "getFieldValueList": null,
                    "field_return_type": null
                },
                {
                    "field_name": "sizes",
                    "field_type": "VARCHAR",
                    "max_field_length": 3E+1,
                    "max_precision": 0,
                    "lov_flg": "N",
                    "field_heading": "Sizes",
                    "field_value": null,
                    "field_show": "Y",
                    "mandatory_flg": "N",
                    "code": null,
                    "section_name": "Trade Names",
                    "section_code": "CVV_TRADE_NAMES",
                    "field_data_type": "TEXT",
                    "dropdown_query": null,
                    "dropdown_code": null,
                    "dropdown_desc": null,
                    "dropdown_list": null,
                    "table_flg": "Y",
                    "field_order": 14,
                    "matrix_type": null,
                    "info": null,
                    "getFieldValueList": null,
                    "field_return_type": null
                },
                {
                    "field_name": "isu_seq",
                    "field_type": "VARCHAR",
                    "max_field_length": 8E+1,
                    "max_precision": 0,
                    "lov_flg": "N",
                    "field_heading": "ISU",
                    "field_value": null,
                    "field_show": "N",
                    "mandatory_flg": "N",
                    "code": null,
                    "section_name": "Trade Names",
                    "section_code": "CVV_TRADE_NAMES",
                    "field_data_type": "TEXT",
                    "dropdown_query": null,
                    "dropdown_code": null,
                    "dropdown_desc": null,
                    "dropdown_list": null,
                    "table_flg": "Y",
                    "field_order": 15,
                    "matrix_type": null,
                    "info": null,
                    "getFieldValueList": null,
                    "field_return_type": null
                },
                {
                    "field_name": "upcs",
                    "field_type": "VARCHAR",
                    "max_field_length": 8E+1,
                    "max_precision": 0,
                    "lov_flg": "N",
                    "field_heading": "UPCs",
                    "field_value": null,
                    "field_show": "Y",
                    "mandatory_flg": "N",
                    "code": null,
                    "section_name": "Trade Names",
                    "section_code": "CVV_TRADE_NAMES",
                    "field_data_type": "TEXT",
                    "dropdown_query": null,
                    "dropdown_code": null,
                    "dropdown_desc": null,
                    "dropdown_list": null,
                    "table_flg": "Y",
                    "field_order": 16,
                    "matrix_type": null,
                    "info": null,
                    "getFieldValueList": null,
                    "field_return_type": null
                },
                {
                    "field_name": "units",
                    "field_type": "VARCHAR",
                    "max_field_length": 2E+1,
                    "max_precision": 0,
                    "lov_flg": "N",
                    "field_heading": "Units",
                    "field_value": null,
                    "field_show": "N",
                    "mandatory_flg": "N",
                    "code": null,
                    "section_name": "Trade Names",
                    "section_code": "CVV_TRADE_NAMES",
                    "field_data_type": "TEXT",
                    "dropdown_query": null,
                    "dropdown_code": null,
                    "dropdown_desc": null,
                    "dropdown_list": null,
                    "table_flg": "Y",
                    "field_order": 17,
                    "matrix_type": null,
                    "info": null,
                    "getFieldValueList": null,
                    "field_return_type": null
                },
                {
                    "field_name": "ui_index",
                    "field_type": "VARCHAR",
                    "max_field_length": 8E+1,
                    "max_precision": 0,
                    "lov_flg": "N",
                    "field_heading": "UI_INDEX",
                    "field_value": null,
                    "field_show": "N",
                    "mandatory_flg": "N",
                    "code": null,
                    "section_name": "Trade Names",
                    "section_code": "CVV_TRADE_NAMES",
                    "field_data_type": "TEXT",
                    "dropdown_query": null,
                    "dropdown_code": null,
                    "dropdown_desc": null,
                    "dropdown_list": null,
                    "table_flg": "Y",
                    "field_order": 18,
                    "matrix_type": null,
                    "info": null,
                    "getFieldValueList": null,
                    "field_return_type": null
                },
                {
                    "field_name": "operation",
                    "field_type": "VARCHAR",
                    "max_field_length": 8E+1,
                    "max_precision": 0,
                    "lov_flg": "N",
                    "field_heading": "operation",
                    "field_value": null,
                    "field_show": "N",
                    "mandatory_flg": "N",
                    "code": null,
                    "section_name": "Trade Names",
                    "section_code": "CVV_TRADE_NAMES",
                    "field_data_type": "TEXT",
                    "dropdown_query": null,
                    "dropdown_code": null,
                    "dropdown_desc": null,
                    "dropdown_list": null,
                    "table_flg": "Y",
                    "field_order": 19,
                    "matrix_type": null,
                    "info": null,
                    "getFieldValueList": null,
                    "field_return_type": null
                },
                {
                    "field_name": "itm_seq",
                    "field_type": "VARCHAR",
                    "max_field_length": 8E+1,
                    "max_precision": 0,
                    "lov_flg": "N",
                    "field_heading": "ITM_SEQ",
                    "field_value": null,
                    "field_show": "N",
                    "mandatory_flg": "N",
                    "code": null,
                    "section_name": "Trade Names",
                    "section_code": "CVV_TRADE_NAMES",
                    "field_data_type": "TEXT",
                    "dropdown_query": null,
                    "dropdown_code": null,
                    "dropdown_desc": null,
                    "dropdown_list": null,
                    "table_flg": "Y",
                    "field_order": 2E+1,
                    "matrix_type": null,
                    "info": null,
                    "getFieldValueList": null,
                    "field_return_type": null
                },
                {
                    "field_name": "conn_type_category",
                    "field_type": "VARCHAR",
                    "max_field_length": 3E+1,
                    "max_precision": 0,
                    "lov_flg": "N",
                    "field_heading": "Connection Type Category",
                    "field_value": null,
                    "field_show": "N",
                    "mandatory_flg": "N",
                    "code": null,
                    "section_name": "Trade Names",
                    "section_code": "CVV_TRADE_NAMES",
                    "field_data_type": "DROPDOWN",
                    "dropdown_query": null,
                    "dropdown_code": null,
                    "dropdown_desc": null,
                    "dropdown_list": null,
                    "table_flg": "Y",
                    "field_order": 21,
                    "matrix_type": null,
                    "info": null,
                    "getFieldValueList": null,
                    "field_return_type": null
                },
                {
                    "field_name": "conn_type_details",
                    "field_type": "VARCHAR",
                    "max_field_length": 8E+1,
                    "max_precision": 0,
                    "lov_flg": "N",
                    "field_heading": "Connection Type Details",
                    "field_value": null,
                    "field_show": "N",
                    "mandatory_flg": "N",
                    "code": null,
                    "section_name": "Trade Names",
                    "section_code": "CVV_TRADE_NAMES",
                    "field_data_type": "TEXT",
                    "dropdown_query": null,
                    "dropdown_code": null,
                    "dropdown_desc": null,
                    "dropdown_list": null,
                    "table_flg": "Y",
                    "field_order": 22,
                    "matrix_type": null,
                    "info": null,
                    "getFieldValueList": null,
                    "field_return_type": null
                },
                {
                    "field_name": "max_pressure",
                    "field_type": "NUMBER",
                    "max_field_length": 8,
                    "max_precision": 0,
                    "lov_flg": "N",
                    "field_heading": "Max Pressure",
                    "field_value": null,
                    "field_show": "N",
                    "mandatory_flg": "N",
                    "code": null,
                    "section_name": "Trade Names",
                    "section_code": "CVV_TRADE_NAMES",
                    "field_data_type": "NUMBER",
                    "dropdown_query": null,
                    "dropdown_code": null,
                    "dropdown_desc": null,
                    "dropdown_list": null,
                    "table_flg": "Y",
                    "field_order": 23,
                    "matrix_type": null,
                    "info": null,
                    "getFieldValueList": null,
                    "field_return_type": null
                },
                {
                    "field_name": "max_pressure_units",
                    "field_type": "VARCHAR",
                    "max_field_length": 1E+1,
                    "max_precision": 0,
                    "lov_flg": "N",
                    "field_heading": "Max Pressure Units",
                    "field_value": null,
                    "field_show": "N",
                    "mandatory_flg": "N",
                    "code": null,
                    "section_name": "Trade Names",
                    "section_code": "CVV_TRADE_NAMES",
                    "field_data_type": "DROPDOWN",
                    "dropdown_query": null,
                    "dropdown_code": null,
                    "dropdown_desc": null,
                    "dropdown_list": null,
                    "table_flg": "Y",
                    "field_order": 24,
                    "matrix_type": null,
                    "info": null,
                    "getFieldValueList": null,
                    "field_return_type": null
                },
                {
                    "field_name": "shore_hardness",
                    "field_type": "VARCHAR",
                    "max_field_length": 16,
                    "max_precision": 0,
                    "lov_flg": "N",
                    "field_heading": "Shore Hardness",
                    "field_value": null,
                    "field_show": "N",
                    "mandatory_flg": "N",
                    "code": null,
                    "section_name": "Trade Names",
                    "section_code": "CVV_TRADE_NAMES",
                    "field_data_type": "TEXT",
                    "dropdown_query": null,
                    "dropdown_code": null,
                    "dropdown_desc": null,
                    "dropdown_list": null,
                    "table_flg": "Y",
                    "field_order": 25,
                    "matrix_type": null,
                    "info": null,
                    "getFieldValueList": null,
                    "field_return_type": null
                },
                {
                    "field_name": "method_of_manufacturing",
                    "field_type": "VARCHAR",
                    "max_field_length": 3E+1,
                    "max_precision": 0,
                    "lov_flg": "N",
                    "field_heading": "Method of Manufacturing",
                    "field_value": null,
                    "field_show": "N",
                    "mandatory_flg": "N",
                    "code": null,
                    "section_name": "Trade Names",
                    "section_code": "CVV_TRADE_NAMES",
                    "field_data_type": "DROPDOWN",
                    "dropdown_query": null,
                    "dropdown_code": null,
                    "dropdown_desc": null,
                    "dropdown_list": null,
                    "table_flg": "Y",
                    "field_order": 26,
                    "matrix_type": null,
                    "info": null,
                    "getFieldValueList": null,
                    "field_return_type": null
                }
            ],
            "outSideTradeNameTableList": [
                {
                    "field_name": "descr",
                    "field_type": "VARCHAR",
                    "max_field_length": 8E+1,
                    "max_precision": 0,
                    "lov_flg": "N",
                    "field_heading": "Item Description",
                    "field_value": null,
                    "field_show": "Y",
                    "mandatory_flg": "N",
                    "code": null,
                    "section_name": "Trade Names",
                    "section_code": "CVV_TRADE_NAMES",
                    "field_data_type": "TEXT",
                    "dropdown_query": null,
                    "dropdown_code": null,
                    "dropdown_desc": null,
                    "dropdown_list": null,
                    "table_flg": "N",
                    "field_order": 1,
                    "matrix_type": null,
                    "info": null,
                    "getFieldValueList": null,
                    "field_return_type": null
                },
                {
                    "field_name": "dsp_seq_nbr",
                    "field_type": "VARCHAR",
                    "max_field_length": 8E+1,
                    "max_precision": 0,
                    "lov_flg": "N",
                    "field_heading": "dsp_seq_nbr",
                    "field_value": null,
                    "field_show": "N",
                    "mandatory_flg": "N",
                    "code": null,
                    "section_name": "Trade Names",
                    "section_code": "CVV_TRADE_NAMES",
                    "field_data_type": "TEXT",
                    "dropdown_query": null,
                    "dropdown_code": null,
                    "dropdown_desc": null,
                    "dropdown_list": null,
                    "table_flg": "N",
                    "field_order": 2,
                    "matrix_type": null,
                    "info": null,
                    "getFieldValueList": null,
                    "field_return_type": null
                },
                {
                    "field_name": "flag",
                    "field_type": "VARCHAR",
                    "max_field_length": 1,
                    "max_precision": 0,
                    "lov_flg": "N",
                    "field_heading": "Trade Name Descriptor Required For Listings?",
                    "field_value": "N",
                    "field_show": "Y",
                    "mandatory_flg": "N",
                    "code": null,
                    "section_name": "Trade Names",
                    "section_code": "CVV_TRADE_NAMES",
                    "field_data_type": "TEXT",
                    "dropdown_query": null,
                    "dropdown_code": null,
                    "dropdown_desc": null,
                    "dropdown_list": null,
                    "table_flg": "N",
                    "field_order": 3,
                    "matrix_type": null,
                    "info": null,
                    "getFieldValueList": null,
                    "field_return_type": null
                },
                {
                    "field_name": "fncm_code",
                    "field_type": "VARCHAR",
                    "max_field_length": 8E+1,
                    "max_precision": 0,
                    "lov_flg": "N",
                    "field_heading": "fncm_code",
                    "field_value": null,
                    "field_show": "N",
                    "mandatory_flg": "N",
                    "code": null,
                    "section_name": "Trade Names",
                    "section_code": "CVV_TRADE_NAMES",
                    "field_data_type": "TEXT",
                    "dropdown_query": null,
                    "dropdown_code": null,
                    "dropdown_desc": null,
                    "dropdown_list": null,
                    "table_flg": "N",
                    "field_order": 4,
                    "matrix_type": null,
                    "info": null,
                    "getFieldValueList": null,
                    "field_return_type": null
                },
                {
                    "field_name": "item_descr",
                    "field_type": "VARCHAR",
                    "max_field_length": 8E+1,
                    "max_precision": 0,
                    "lov_flg": "N",
                    "field_heading": "item_descr",
                    "field_value": "2402929-ITEM_DESCR",
                    "field_show": "N",
                    "mandatory_flg": "N",
                    "code": null,
                    "section_name": "Trade Names",
                    "section_code": "CVV_TRADE_NAMES",
                    "field_data_type": "TEXT",
                    "dropdown_query": null,
                    "dropdown_code": null,
                    "dropdown_desc": null,
                    "dropdown_list": null,
                    "table_flg": "N",
                    "field_order": 5,
                    "matrix_type": null,
                    "info": null,
                    "getFieldValueList": null,
                    "field_return_type": null
                },
                {
                    "field_name": "itm_fn_seq",
                    "field_type": "VARCHAR",
                    "max_field_length": 8E+1,
                    "max_precision": 0,
                    "lov_flg": "N",
                    "field_heading": "itm_fn_seq",
                    "field_value": null,
                    "field_show": "N",
                    "mandatory_flg": "N",
                    "code": null,
                    "section_name": "Trade Names",
                    "section_code": "CVV_TRADE_NAMES",
                    "field_data_type": "TEXT",
                    "dropdown_query": null,
                    "dropdown_code": null,
                    "dropdown_desc": null,
                    "dropdown_list": null,
                    "table_flg": "N",
                    "field_order": 6,
                    "matrix_type": null,
                    "info": null,
                    "getFieldValueList": null,
                    "field_return_type": null
                },
                {
                    "field_name": "itn_seq",
                    "field_type": "VARCHAR",
                    "max_field_length": 8E+1,
                    "max_precision": 0,
                    "lov_flg": "N",
                    "field_heading": "itn_seq",
                    "field_value": null,
                    "field_show": "N",
                    "mandatory_flg": "N",
                    "code": null,
                    "section_name": "Trade Names",
                    "section_code": "CVV_TRADE_NAMES",
                    "field_data_type": "TEXT",
                    "dropdown_query": null,
                    "dropdown_code": null,
                    "dropdown_desc": null,
                    "dropdown_list": null,
                    "table_flg": "N",
                    "field_order": 8,
                    "matrix_type": null,
                    "info": null,
                    "getFieldValueList": null,
                    "field_return_type": null
                },
                {
                    "field_name": "max_use_level",
                    "field_type": "VARCHAR",
                    "max_field_length": 8E+1,
                    "max_precision": 0,
                    "lov_flg": "N",
                    "field_heading": "max_use_level",
                    "field_value": null,
                    "field_show": "N",
                    "mandatory_flg": "N",
                    "code": null,
                    "section_name": "Trade Names",
                    "section_code": "CVV_TRADE_NAMES",
                    "field_data_type": "TEXT",
                    "dropdown_query": null,
                    "dropdown_code": null,
                    "dropdown_desc": null,
                    "dropdown_list": null,
                    "table_flg": "N",
                    "field_order": 9,
                    "matrix_type": null,
                    "info": null,
                    "getFieldValueList": null,
                    "field_return_type": null
                },
                {
                    "field_name": "primary_trade_flag",
                    "field_type": "VARCHAR",
                    "max_field_length": 1,
                    "max_precision": 0,
                    "lov_flg": "N",
                    "field_heading": "primary_trade_Flag",
                    "field_value": null,
                    "field_show": "N",
                    "mandatory_flg": "N",
                    "code": null,
                    "section_name": "Trade Names",
                    "section_code": "CVV_TRADE_NAMES",
                    "field_data_type": "TEXT",
                    "dropdown_query": null,
                    "dropdown_code": null,
                    "dropdown_desc": null,
                    "dropdown_list": null,
                    "table_flg": "N",
                    "field_order": 11,
                    "matrix_type": null,
                    "info": null,
                    "getFieldValueList": null,
                    "field_return_type": null
                },
                {
                    "field_name": "trade_name",
                    "field_type": "VARCHAR",
                    "max_field_length": 8E+1,
                    "max_precision": 0,
                    "lov_flg": "N",
                    "field_heading": "trade_name",
                    "field_value": null,
                    "field_show": "N",
                    "mandatory_flg": "N",
                    "code": null,
                    "section_name": "Trade Names",
                    "section_code": "CVV_TRADE_NAMES",
                    "field_data_type": "TEXT",
                    "dropdown_query": null,
                    "dropdown_code": null,
                    "dropdown_desc": null,
                    "dropdown_list": null,
                    "table_flg": "N",
                    "field_order": 14,
                    "matrix_type": null,
                    "info": null,
                    "getFieldValueList": null,
                    "field_return_type": null
                },
                {
                    "field_name": "size_units",
                    "field_type": "VARCHAR",
                    "max_field_length": 8E+1,
                    "max_precision": 0,
                    "lov_flg": "N",
                    "field_heading": "size_units",
                    "field_value": null,
                    "field_show": "N",
                    "mandatory_flg": "N",
                    "code": null,
                    "section_name": "Trade Names",
                    "section_code": "CVV_TRADE_NAMES",
                    "field_data_type": "TEXT",
                    "dropdown_query": null,
                    "dropdown_code": null,
                    "dropdown_desc": null,
                    "dropdown_list": null,
                    "table_flg": "N",
                    "field_order": 14,
                    "matrix_type": null,
                    "info": null,
                    "getFieldValueList": null,
                    "field_return_type": null
                },
                {
                    "field_name": "size_amt",
                    "field_type": "VARCHAR",
                    "max_field_length": 8E+1,
                    "max_precision": 0,
                    "lov_flg": "N",
                    "field_heading": "size_amt",
                    "field_value": null,
                    "field_show": "N",
                    "mandatory_flg": "N",
                    "code": null,
                    "section_name": "Trade Names",
                    "section_code": "CVV_TRADE_NAMES",
                    "field_data_type": "TEXT",
                    "dropdown_query": null,
                    "dropdown_code": null,
                    "dropdown_desc": null,
                    "dropdown_list": null,
                    "table_flg": "N",
                    "field_order": 14,
                    "matrix_type": null,
                    "info": null,
                    "getFieldValueList": null,
                    "field_return_type": null
                },
                {
                    "field_name": "units",
                    "field_type": "VARCHAR",
                    "max_field_length": 8E+1,
                    "max_precision": 0,
                    "lov_flg": "N",
                    "field_heading": "units",
                    "field_value": null,
                    "field_show": "N",
                    "mandatory_flg": "N",
                    "code": null,
                    "section_name": "Trade Names",
                    "section_code": "CVV_TRADE_NAMES",
                    "field_data_type": "TEXT",
                    "dropdown_query": null,
                    "dropdown_code": null,
                    "dropdown_desc": null,
                    "dropdown_list": null,
                    "table_flg": "N",
                    "field_order": 17,
                    "matrix_type": null,
                    "info": null,
                    "getFieldValueList": null,
                    "field_return_type": null
                },
                {
                    "field_name": "view_dsp_seq_nbr",
                    "field_type": "VARCHAR",
                    "max_field_length": 8E+1,
                    "max_precision": 0,
                    "lov_flg": "N",
                    "field_heading": "view_dsp_seq_nbr",
                    "field_value": null,
                    "field_show": "N",
                    "mandatory_flg": "N",
                    "code": null,
                    "section_name": "Trade Names",
                    "section_code": "CVV_TRADE_NAMES",
                    "field_data_type": "TEXT",
                    "dropdown_query": null,
                    "dropdown_code": null,
                    "dropdown_desc": null,
                    "dropdown_list": null,
                    "table_flg": "N",
                    "field_order": 17,
                    "matrix_type": null,
                    "info": null,
                    "getFieldValueList": null,
                    "field_return_type": null
                },
                {
                    "field_name": "ui_index",
                    "field_type": "VARCHAR",
                    "max_field_length": 8E+1,
                    "max_precision": 0,
                    "lov_flg": "N",
                    "field_heading": "ui_index",
                    "field_value": null,
                    "field_show": "N",
                    "mandatory_flg": "N",
                    "code": null,
                    "section_name": "Trade Names",
                    "section_code": "CVV_TRADE_NAMES",
                    "field_data_type": "TEXT",
                    "dropdown_query": null,
                    "dropdown_code": null,
                    "dropdown_desc": null,
                    "dropdown_list": null,
                    "table_flg": "N",
                    "field_order": 18,
                    "matrix_type": null,
                    "info": null,
                    "getFieldValueList": null,
                    "field_return_type": null
                },
                {
                    "field_name": "view_max_use_level",
                    "field_type": "VARCHAR",
                    "max_field_length": 8E+1,
                    "max_precision": 0,
                    "lov_flg": "N",
                    "field_heading": "view_max_use_level",
                    "field_value": null,
                    "field_show": "N",
                    "mandatory_flg": "N",
                    "code": null,
                    "section_name": "Trade Names",
                    "section_code": "CVV_TRADE_NAMES",
                    "field_data_type": "TEXT",
                    "dropdown_query": null,
                    "dropdown_code": null,
                    "dropdown_desc": null,
                    "dropdown_list": null,
                    "table_flg": "N",
                    "field_order": 18,
                    "matrix_type": null,
                    "info": null,
                    "getFieldValueList": null,
                    "field_return_type": null
                },
                {
                    "field_name": "operation",
                    "field_type": "VARCHAR",
                    "max_field_length": 8E+1,
                    "max_precision": 0,
                    "lov_flg": "N",
                    "field_heading": "operation",
                    "field_value": null,
                    "field_show": "N",
                    "mandatory_flg": "N",
                    "code": null,
                    "section_name": "Trade Names",
                    "section_code": "CVV_TRADE_NAMES",
                    "field_data_type": "TEXT",
                    "dropdown_query": null,
                    "dropdown_code": null,
                    "dropdown_desc": null,
                    "dropdown_list": null,
                    "table_flg": "N",
                    "field_order": 19,
                    "matrix_type": null,
                    "info": null,
                    "getFieldValueList": null,
                    "field_return_type": null
                },
                {
                    "field_name": "view_trade_name",
                    "field_type": "VARCHAR",
                    "max_field_length": 8E+1,
                    "max_precision": 0,
                    "lov_flg": "N",
                    "field_heading": "view_trade_name",
                    "field_value": null,
                    "field_show": "N",
                    "mandatory_flg": "N",
                    "code": null,
                    "section_name": "Trade Names",
                    "section_code": "CVV_TRADE_NAMES",
                    "field_data_type": "TEXT",
                    "dropdown_query": null,
                    "dropdown_code": null,
                    "dropdown_desc": null,
                    "dropdown_list": null,
                    "table_flg": "N",
                    "field_order": 19,
                    "matrix_type": null,
                    "info": null,
                    "getFieldValueList": null,
                    "field_return_type": null
                },
                {
                    "field_name": "itm_seq",
                    "field_type": "VARCHAR",
                    "max_field_length": 8E+1,
                    "max_precision": 0,
                    "lov_flg": "N",
                    "field_heading": "itm_seq",
                    "field_value": null,
                    "field_show": "N",
                    "mandatory_flg": "N",
                    "code": null,
                    "section_name": "Trade Names",
                    "section_code": "CVV_TRADE_NAMES",
                    "field_data_type": "TEXT",
                    "dropdown_query": null,
                    "dropdown_code": null,
                    "dropdown_desc": null,
                    "dropdown_list": null,
                    "table_flg": "N",
                    "field_order": 2E+1,
                    "matrix_type": null,
                    "info": null,
                    "getFieldValueList": null,
                    "field_return_type": null
                }
            ],
            "list": null,
            "accessPrivileges": null,
            "screen_seq": 111959,
            "section_indicator": 5,
            "section_order": 2,
            "section_priority": 2,
            "seq": 111963,
            "test_data_fields": null,
            "test_data_headings": null,
            "test_report_date": null,
            "smm_seq": null,
            "isHandsOnTable": true
        }
    ],
    "user": null,
    "version": "1.2.8",
    "errorIndex": 0
}