{
    "columns": [
        { "data": "dspSeqNbr"
        },
        { "data": "itmNum"
        },
        { "data": "altInd"
        },
        { "data": "inPlant"
        },
        { "data": "dcc"
        },
        { "data": "tradeName"
        },
        { "data": "partNum"
        },
        { "data": "descr"
        },
        { "data": "supplier"
        },
        { "data": "formulator"
        },
        { "data": "quantity"
        },
        { "data": "matType"
        },
        { "data": "areaUnit"
        }
    ]
}
