[
    {
        "data": "epsfId"
    },
    {
        "data": "project"
    },
    {
        "data": "status"
    },
    {
        "data": "customer"
    },
    {
        "data": "standard"
    },
    {
        "data": "collectionType"
    },
    {
        "data": "testCategory"
    },
    {
        "data": "collectionNotes"
    },
    {
        "data": "dccInfo"
    },
    {
        "data": "modifiedUser"
    },
    {
        "data": "modifiedDate"
    },
    {
        "data": "as"
    }
]
