[
    {
        "id": "B-000464674",
        "dspseq": 10,
        "item": 1,
        "AltInd": "Alt Ind",
        "inPlant": "Admin",
        "PartDCC": "ES1011",
        "PartTradeName": "57_Epart_TradeName",
        "Part": "Part #",
        "PartDescription": "57_Epart_Description",
        "Supplier": "57- Supplier_Name",
        "Formulator": "57- Formulator_Name",
        "Qty": 1,
        "Color": "color",
        "MaterialType": "HDPE",
        "WettedArea": 324.36,
        "WettedAreaUnits": "SQIN",
        "MediaAmt": 8,
        "MediaUnits": "CUL_Cum",
        "ApprovalStatus": "Y"
    },
    {
        "id": "C-000464674",
        "dspseq": 10,
        "item": 1,
        "AltInd": "Alt Ind",
        "inPlant": "Admin",
        "PartDCC": "ES1077",
        "PartTradeName": "57_Epart_TradeName",
        "Part": "Part #",
        "PartDescription": "57_Epart_Description",
        "Supplier": "57- Supplier_Name",
        "Formulator": "57- Formulator_Name",
        "Qty": 1,
        "Color": "color",
        "MaterialType": "HDPE",
        "WettedArea": 324.36,
        "WettedAreaUnits": "SQIN",
        "MediaAmt": 8,
        "MediaUnits": "CUL_Cum",
        "ApprovalStatus": "Y"
    },
    {
        "id": "D-000464674",
        "dspseq": 10,
        "item": 1,
        "AltInd": "Alt Ind",
        "inPlant": "Admin",
        "PartDCC": "ES1011",
        "PartTradeName": "57_Epart_TradeName",
        "Part": "Part #",
        "PartDescription": "57_Epart_Description",
        "Supplier": "57- Supplier_Name",
        "Formulator": "57- Formulator_Name",
        "Qty": 1,
        "Color": "color",
        "MaterialType": "HDPE",
        "WettedArea": 324.36,
        "WettedAreaUnits": "SQIN",
        "MediaAmt": 8,
        "MediaUnits": "CUL_Cum",
        "ApprovalStatus": "Y"
    },
    {
        "id": "E-000464674",
        "dspseq": 10,
        "item": 1,
        "AltInd": "Alt Ind",
        "inPlant": "Admin",
        "PartDCC": "ES1011",
        "PartTradeName": "57_Epart_TradeName",
        "Part": "Part #",
        "PartDescription": "57_Epart_Description",
        "Supplier": "57- Supplier_Name",
        "Formulator": "57- Formulator_Name",
        "Qty": 1,
        "Color": "color",
        "MaterialType": "HDPE",
        "WettedArea": 324.36,
        "WettedAreaUnits": "SQIN",
        "MediaAmt": 8,
        "MediaUnits": "CUL_Cum",
        "ApprovalStatus": "Y"
    }
]