[
    {
        "epsfid": "A-00043214",
        "testdate": "12/12/2021",
        "expirydate": "12/12/2022",
        "primary_DCC": "PW07457",
        "co_customer": "4Q920-4Q920",
        "primary_DCc_Trade_Name": "PW07457-Trade_Name",
        "user_type": "Part #",
        "test_type": "57_Epart_Description",
        "volume": "OPEN(Project:APPROVED)",
        "Reviewer": "N",
        "Qc": "A11113456",
        "status": "CREATED",
        "reviewstatus" : "draft"
    },
    {
        "epsfid": "B-000464674",
        "testdate": "11/12/2021",
        "expirydate": "11/12/2022",
        "primary_DCC": "PW2577",
        "co_customer": "30920-30920",
        "primary_DCc_Trade_Name": "PW2577-Trade_Name",
        "user_type": "Part #",
        "test_type": "56_Epart_Description",
        "volume": "56- Supplier_Name",
        "Reviewer": "A111134",
        "Qc": "A111134567",
        "status": "Reviewed",
        "reviewstatus" : "open"
    },
    {
        "epsfid": "C-000464674",
        "testdate": "10/12/2021",
        "expirydate": "10/12/2022",
        "primary_DCC": "PW2578",
        "co_customer": "20920-20920",
        "primary_DCc_Trade_Name": "PW2578-Trade_Name",
        "user_type": "Part #",
        "test_type": "55_Epart_Description",
        "volume": "55- Supplier_Name",
        "Reviewer": "A111134567",
        "Qc": "A111134567",
        "status": "CREATED"
        ,"reviewstatus" : "open"
    },
    {
        "epsfid": "D-000464674",
        "testdate": "09/12/2021",
        "expirydate": "09/12/2022",
        "primary_DCC": "PW2580",
        "co_customer": "10920-10920",
        "primary_DCc_Trade_Name": "PW2580-Trade_Name",
        "user_type": "Part #",
        "test_type": "54_Epart_Description",
        "volume": "54- Supplier_Name",
        "Reviewer": "A111",
        "Qc": "A11113456743",
        "status": "CREATED"
    }
]