[
    {
        "#": 1,
        "epsf_id": "J-12345",
        "itmNum": "Alt Ind",
        "dcc": "ES1011",
        "cus_name": "57_Epart_TradeName",
        "trade_name": "Part #",
        "test_type": "Point of Use",
        "use_type": "Without Media",
        "expiry_date": "13/04/2021",
        "status": "open"
    },
    {
        "#": 2,
        "epsf_id": "J-123287",
        "itmNum": "Alt Ind",
        "dcc": "ES10222",
        "cus_name": "58_Epart_TradeName",
        "trade_name": "Part #",
        "test_type": "Point of Use",
        "use_type": "Without Media",
        "expiry_date": "14/06/2021",
        "status": "open"
    },
    {
        "#": 3,
        "epsf_id": "J-123345",
        "itmNum": "Alt Ind",
        "dcc": "ES156",
        "cus_name": "28_Epart_TradeName",
        "trade_name": "Part #",
        "test_type": "Point of Use",
        "use_type": "Without Media",
        "expiry_date": "10/03/2021",
        "status": "draft"
    },
    {
        "#": 4,
        "epsf_id": "J-123323",
        "itmNum": "Alt Ind",
        "dcc": "ES1535",
        "cus_name": "28_Epart_TradeName",
        "trade_name": "Part #",
        "test_type": "Point of Use",
        "use_type": "Without Media",
        "expiry_date": "02/02/2021",
        "status": "open"
    }
]