[
    {
        "#": 1,
        "EPSF": "J-12345",
        "Item #": "Alt Ind",
        "DCC": "ES1011",
        "Customer": "57_Epart_TradeName",
        "Trade Name": "Part #",
        "Test Type": "57_Epart_Description",
        "Use Type": "57- Supplier_Name",
        "Expiry Date": "13/04/2021"
    },
    {
        "#": 2,
        "EPSF": "J-23458",
        "Item #": "Alt Ind",
        "DCC": "ES1011",
        "Customer": "57_Epart_TradeName",
        "Trade Name": "Part #",
        "Test Type": "57_Epart_Description",
        "Use Type": "57- Supplier_Name",
        "Expiry Date": "17/05/2021"
    },
    {
        "#": 3,
        "EPSF": "C-000464674",
        "Item #": "Alt Ind",
        "DCC": "ES1011",
        "Customer": "57_Epart_TradeName",
        "Trade Name": "Part #",
        "Test Type": "57_Epart_Description",
        "Use Type": "57- Supplier_Name",
        "Expiry Date": "13/07/2021"
    },
    {
        "#": 4,
        "EPSF": "J-3456762",
        "Item #": "Alt Ind",
        "DCC": "ES1011",
        "Customer": "57_Epart_TradeName",
        "Trade Name": "Part #",
        "Test Type": "57_Epart_Description",
        "Use Type": "57- Supplier_Name",
        "Expiry Date": "18/09/2021"
    }
]