[
    {
        "status": "CREATED",
        "From_Status": "10/09/2020",
        "To_Status": "12/12/2021",
        "Changed_By": "Rakesh",
        "Changed_Date": "03/07/2021",
        "Status_Change_Reason": "Testing1"
    },
    {
        "status": "APPROVED",
        "From_Status": "11/09/2020",
        "To_Status": "12/12/2021",
        "Changed_By": "Srikanth",
        "Changed_Date": "03/07/2021",
        "Status_Change_Reason": "Testing2"
    },
    {
        "status": "REVIEWED",
        "From_Status": "12/09/2020",
        "To_Status": "12/12/2021",
        "Changed_By": "Sampath",
        "Changed_Date": "03/07/2021",
        "Status_Change_Reason": "Testing3"
    },
    {
        "status": "RDY4RVW",
        "From_Status": "13/09/2020",
        "To_Status": "12/12/2021",
        "Changed_By": "Vinod",
        "Changed_Date": "03/07/2021",
        "Status_Change_Reason": "Testing4"
    }
]