[
        {"type":"checkbox" },
        { "data" : "dspSeqNbr" },
        { "data" : "itmNum" },
        { "data" : "altInd" },
        { "type":"checkbox"  },
        { "data" : "dcc" },
        { "data" : "tradeName" },
        { "data" : "partNum" },
        { "data" : "descr" },
        { "data" : "supplier" },
        { "data" : "formulator" },
        { "data" : "quantity" },
        { "data" : "color" },
        { "data" : "matType" },
        { "data" : "WettedArea" },
        { "data" : "WettedAreaUnits" },
        { "data" : "mediaAmt" },
        { "data" : "mediaUnit" }

    ]
