[
    {
        "data": "dcc"
    },
    {
        "data": "plant"
    },
    {
        "data": "standard"
    },
    {
        "data": "tradeName"
    },
    {
        "data": "dccStatus"
    },
    {
        "data": "productState"
    },
    {
        "data": "dccOne"
    },
    {
        "data": "plantOne"
    },
    {
        "data": "standardOne"
    },
    {
        "data": "tradeNameOne"
    },
    {
        "data": "dccStatusOne"
    },
    {
        "data": "productStateOne"
    }
]