[
    {
        "dcc": "PW01",
        "plant": "26470 - 26470",
        "standard": "042 - Drinking Water Treatment Units - Aesthetic Effects",
        "tradeName": "2206394-TRADE_NAME",
        "dccStatus": "DROPEED",
        "productState": "DROPEED",
        "dccOne": "PW01",
        "plantOne": "26470 - 26470",
        "standardOne": "042 - Drinking Water Treatment Units - Aesthetic Effects",
        "tradeNameOne": "2206394-TRADE_NAME",
        "dccStatusOne": "DROPEED",
        "productStateOne": "DROPEED"
    },
    {
        "dcc": "PW01",
        "plant": "26470 - 26470",
        "standard": "042 - Drinking Water Treatment Units - Aesthetic Effects",
        "tradeName": "2206394-TRADE_NAME",
        "dccStatus": "DROPEED",
        "productState": "DROPEED",
        "dccOne": "PW01",
        "plantOne": "26470 - 26470",
        "standardOne": "042 - Drinking Water Treatment Units - Aesthetic Effects",
        "tradeNameOne": "2206394-TRADE_NAME",
        "dccStatusOne": "DROPEED",
        "productStateOne": "DROPEED"
    },
    {
        "dcc": "PW01",
        "plant": "26470 - 26470",
        "standard": "042 - Drinking Water Treatment Units - Aesthetic Effects",
        "tradeName": "2206394-TRADE_NAME",
        "dccStatus": "DROPEED",
        "productState": "DROPEED",
        "dccOne": "PW01",
        "plantOne": "26470 - 26470",
        "standardOne": "042 - Drinking Water Treatment Units - Aesthetic Effects",
        "tradeNameOne": "2206394-TRADE_NAME",
        "dccStatusOne": "DROPEED",
        "productStateOne": "DROPEED"
    },
    {
        "dcc": "PW01",
        "plant": "26470 - 26470",
        "standard": "042 - Drinking Water Treatment Units - Aesthetic Effects",
        "tradeName": "2206394-TRADE_NAME",
        "dccStatus": "DROPEED",
        "productState": "DROPEED",
        "dccOne": "PW01",
        "plantOne": "26470 - 26470",
        "standardOne": "042 - Drinking Water Treatment Units - Aesthetic Effects",
        "tradeNameOne": "2206394-TRADE_NAME",
        "dccStatusOne": "DROPEED",
        "productStateOne": "DROPEED"
    }
]