[
        {"type":"checkbox" },
        { "data" : "dspseq#" },
        { "data" : "item #" },
        { "data" : "Alt_Ind" },
        { "data" : "in_Plant_Mixing/Assembly/Compounding" ,"type":"checkbox"  },
        { "data" : "Part_DCC" },
        { "data" : "Part_Trade_Name" },
        { "data" : "Part_#" },
        { "data" : "Part_Description_#" },
        { "data" : "Supplier" },
        { "data" : "Formulator" },
        { "data" : "Qty" },
        { "data" : "Color" },
        { "data" : "Material_Type" },
        { "data" : "Wetted_Area_(Per Part)" },
        { "data" : "Wetted_Area_Units" },
        { "data" : "Media_Amt" },
        { "data" : "Media_Units" },
        { "data" : "Approval_Status" }

    ]
