{
    "CREATED": [
        {
            "fromStatus": "Created",
            "toStatus": "Reviewed",
            "changedBy": "Prasad Ravilla",
            "changedDate": "22/07/2021",
            "changeReason": "Testing"
        }
    ],
    "REVIEWED": [
        {
            "fromStatus": "Reviewed",
            "toStatus": "Created",
            "changedBy": "Prasad Ravilla",
            "changedDate": "11/06/2021",
            "changeReason": "Testing"
        }
    ],
    "APPROVED": [
        {
            "fromStatus": "Approved",
            "toStatus": "Reviewed",
            "changedBy": "Prasad Ravilla",
            "changedDate": "12/11/2021",
            "changeReason": "Testing"
        }
    ],
    "RDY4RVW": [
        {
            "fromStatus": "Rdy4rvw",
            "toStatus": "Reviewed",
            "changedBy": "Prasad Ravilla",
            "changedDate": "03/07/2021",
            "changeReason": "Testing"
        }
    ]
}