[
    {
        "id": "B-000464674",
        "dspseq": 10,
        "item": 1,
        "Alt_Ind": "Alt Ind",
        "in_Plant_Mixing": true,
        "Part_DCC": "ES1011",
        "Part_Trade_Name": "57_Epart_TradeName",
        "Part": "Part #",
        "Part_Description": "57_Epart_Description",
        "Supplier": "57- Supplier_Name",
        "Formulator": "57- Formulator_Name",
        "Qty": 1,
        "Color": "color",
        "Material_Type": "HDPE",
        "Wetted_Area_Part": 324.36,
        "Wetted_Area_Units": "SQIN",
        "Media_Amt": 8,
        "Media_Units": "CUL_Cum",
        "Approval_Status": "Y"
         
    }
    ]	