[
    {
        "noteType": "PW01",
        "note": "26470 - 26470",
        "createdBy": "042 - Drinking Water Treatment Units - Aesthetic Effects",
        "createdDate": "2206394-TRADE_NAME",
        "modifiedBy": "PW01",
        "modifiedDate": "26470 - 26470"
    },
    {
        "noteType": "PW01",
        "note": "26470 - 26470",
        "createdBy": "042 - Drinking Water Treatment Units - Aesthetic Effects",
        "createdDate": "2206394-TRADE_NAME",
        "modifiedBy": "PW01",
        "modifiedDate": "26470 - 26470"
    },
    {
        "noteType": "PW01",
        "note": "26470 - 26470",
        "createdBy": "042 - Drinking Water Treatment Units - Aesthetic Effects",
        "createdDate": "2206394-TRADE_NAME",
        "modifiedBy": "PW01",
        "modifiedDate": "26470 - 26470"
    },
    {
        "noteType": "PW01",
        "note": "26470 - 26470",
        "createdBy": "042 - Drinking Water Treatment Units - Aesthetic Effects",
        "createdDate": "2206394-TRADE_NAME",
        "modifiedBy": "PW01",
        "modifiedDate": "26470 - 26470"
    }
]
